{"cameraMode":{"drawMode":0,"name":"Shaded","section":"Shading Mode"},"sceneLighting":true,"audioPlay":false,"sceneViewState":{"showFog":true,"showMaterialUpdate":false,"showSkybox":true,"showFlares":true,"showImageEffects":true,"showParticleSystems":true},"in2DMode":false,"pivot":{"x":5.950348854064941,"y":-0.6832077503204346,"z":-0.35963237285614016},"rotation":{"x":-0.21402603387832642,"y":0.7677150964736939,"z":-0.3212503492832184,"w":-0.5114734768867493},"size":3.5660037994384767,"orthographic":false}